key,date,time_rd,lottery,draw,result,best_signal,best_a11,ok_alert,hits_quiniela_topq,hits_quiniela_top12,pale_hits,source_rows_hist_used
2026-02-19|La Primera|Quiniela La Primera|2026-02-19 12:00,2026-02-19,2026-02-19 12:00,La Primera,Quiniela La Primera,46-17-71,0.011555112314903951,3,False,0,0,0,74.0
2026-02-19|La Suerte|Quiniela La Suerte|2026-02-19 12:30,2026-02-19,2026-02-19 12:30,La Suerte,Quiniela La Suerte,41-59-27,0.005105476214658897,4,False,0,0,0,384.0
2026-02-19|Anguilla|Anguila 1PM|2026-02-19 13:00,2026-02-19,2026-02-19 13:00,Anguilla,Anguila 1PM,32-51-93,0.00622869732656858,1,False,0,0,0,859.0
2026-02-19|La Nacional|Loteria Nacional- Gana Más|2026-02-19 14:30,2026-02-19,2026-02-19 14:30,La Nacional,Loteria Nacional- Gana Más,31-30-04,0.0012950708260152813,7,False,0,0,0,1404.0
2026-02-19|Anguilla|Anguila 6PM|2026-02-19 18:00,2026-02-19,2026-02-19 18:00,Anguilla,Anguila 6PM,56-64-75,6.451477689692576e-05,5,False,0,1,0,2508.0
2026-02-19|La Suerte|Quiniela La Suerte 6PM|2026-02-19 18:00,2026-02-19,2026-02-19 18:00,La Suerte,Quiniela La Suerte 6PM,07-83-09,0.001235122239369347,8,False,0,1,0,2508.0
2026-02-19|La Primera|Quiniela La Primera Noche|2026-02-19 19:00,2026-02-19,2026-02-19 19:00,La Primera,Quiniela La Primera Noche,62-43-75,0.0015552423408957464,11,False,0,0,0,4751.0
2026-02-19|Anguilla|Anguila 9PM|2026-02-19 21:00,2026-02-19,2026-02-19 21:00,Anguilla,Anguila 9PM,20-69-09,0.003420131126846504,9,False,0,0,0,5935.0
2026-02-19|La Nacional|Loteria Nacional- Noche|2026-02-19 21:00,2026-02-19,2026-02-19 21:00,La Nacional,Loteria Nacional- Noche,79-89-95,0.002353307876241251,11,False,0,0,0,5935.0
2026-02-20|La Primera|Quiniela La Primera|2026-02-20 12:00,2026-02-20,2026-02-20 12:00,La Primera,Quiniela La Primera,04-22-84,0.008172251875058767,2,False,0,0,0,76.0
2026-02-20|La Suerte|Quiniela La Suerte|2026-02-20 12:30,2026-02-20,2026-02-20 12:30,La Suerte,Quiniela La Suerte,63-92-97,0.0051918825797351445,4,False,0,1,0,351.0
2026-02-20|Anguilla|Anguila 1PM|2026-02-20 13:00,2026-02-20,2026-02-20 13:00,Anguilla,Anguila 1PM,27-51-37,0.003591381864967735,0,False,0,0,0,819.0
2026-02-20|La Nacional|Loteria Nacional- Gana Más|2026-02-20 14:30,2026-02-20,2026-02-20 14:30,La Nacional,Loteria Nacional- Gana Más,87-72-63,0.0016706543188359658,7,False,0,1,0,1376.0
2026-02-20|Anguilla|Anguila 6PM|2026-02-20 18:00,2026-02-20,2026-02-20 18:00,Anguilla,Anguila 6PM,41-22-34,0.0038221308365313862,4,False,0,0,0,2364.0
2026-02-20|La Suerte|Quiniela La Suerte 6PM|2026-02-20 18:00,2026-02-20,2026-02-20 18:00,La Suerte,Quiniela La Suerte 6PM,11-40-62,0.0011382887143289644,8,False,0,0,0,2364.0
2026-02-20|Anguilla|Anguila 9PM|2026-02-20 21:00,2026-02-20,2026-02-20 21:00,Anguilla,Anguila 9PM,86-79-76,0.003615571673861553,11,False,0,1,0,5755.0
2026-02-20|La Nacional|Loteria Nacional- Noche|2026-02-20 21:00,2026-02-20,2026-02-20 21:00,La Nacional,Loteria Nacional- Noche,58-35-18,0.0013125490025985185,12,False,0,0,0,5755.0
2026-02-21|La Primera|Quiniela La Primera|2026-02-21 12:00,2026-02-21,2026-02-21 12:00,La Primera,Quiniela La Primera,35-24-19,0.01457214427964157,1,False,0,1,0,62.0
2026-02-21|Anguilla|Anguila 1PM|2026-02-21 13:00,2026-02-21,2026-02-21 13:00,Anguilla,Anguila 1PM,72-55-38,0.004446097108133901,5,False,0,0,0,845.0
2026-02-21|La Nacional|Loteria Nacional- Gana Más|2026-02-21 14:30,2026-02-21,2026-02-21 14:30,La Nacional,Loteria Nacional- Gana Más,12-55-84,0.0,0,False,0,0,0,1368.0
2026-02-21|Anguilla|Anguila 6PM|2026-02-21 18:00,2026-02-21,2026-02-21 18:00,Anguilla,Anguila 6PM,38-27-27,1.899974676624618e-07,4,False,0,0,0,2129.0
2026-02-21|La Suerte|Quiniela La Suerte 6PM|2026-02-21 18:00,2026-02-21,2026-02-21 18:00,La Suerte,Quiniela La Suerte 6PM,09-00-06,0.003521616277312015,6,False,0,0,0,2129.0
2026-02-21|La Primera|Quiniela La Primera Noche|2026-02-21 19:00,2026-02-21,2026-02-21 19:00,La Primera,Quiniela La Primera Noche,87-30-41,0.002006529104087013,9,False,0,1,0,3712.0
2026-02-21|Anguilla|Anguila 9PM|2026-02-21 21:00,2026-02-21,2026-02-21 21:00,Anguilla,Anguila 9PM,29-48-20,0.003318456209631399,9,False,0,1,0,5087.0
2026-02-21|La Nacional|Loteria Nacional- Noche|2026-02-21 21:00,2026-02-21,2026-02-21 21:00,La Nacional,Loteria Nacional- Noche,70-38-08,0.004662447305775266,12,False,0,1,0,5087.0
2026-02-22|Anguilla|Anguila 10AM|2026-02-22 10:00,2026-02-22,2026-02-22 10:00,Anguilla,Anguila 10AM,85-74-64,0.006253146310085353,13,True,1,1,0,0.0
2026-02-22|La Primera|Quiniela La Primera|2026-02-22 12:00,2026-02-22,2026-02-22 12:00,La Primera,Quiniela La Primera,64-01-60,0.05697583914682395,3,False,1,1,0,64.0
2026-02-22|La Suerte|Quiniela La Suerte|2026-02-22 12:30,2026-02-22,2026-02-22 12:30,La Suerte,Quiniela La Suerte,00-56-22,0.0021543166505866057,1,False,0,0,0,276.0
2026-02-22|La Nacional|Loteria Nacional- Gana Más|2026-02-22 14:30,2026-02-22,2026-02-22 14:30,La Nacional,Loteria Nacional- Gana Más,19-66-86,0.0013230255488395077,6,False,0,1,0,1128.0
2026-02-23|Anguilla|Anguila 10AM|2026-02-23 10:00,2026-02-23,2026-02-23 10:00,Anguilla,Anguila 10AM,30-03-00,0.006569839978351486,13,True,0,0,0,0.0
2026-02-23|La Primera|Quiniela La Primera|2026-02-23 12:00,2026-02-23,2026-02-23 12:00,La Primera,Quiniela La Primera,49-31-80,0.02030359999611324,1,False,0,1,0,66.0
2026-02-23|Anguilla|Anguila 1PM|2026-02-23 13:00,2026-02-23,2026-02-23 13:00,Anguilla,Anguila 1PM,41-36-10,0.005332597451345836,4,False,0,0,0,806.0
2026-02-23|La Nacional|Loteria Nacional- Gana Más|2026-02-23 14:30,2026-02-23,2026-02-23 14:30,La Nacional,Loteria Nacional- Gana Más,67-83-34,0.0035856285621081087,5,False,0,0,0,1383.0
2026-02-23|Anguilla|Anguila 6PM|2026-02-23 18:00,2026-02-23,2026-02-23 18:00,Anguilla,Anguila 6PM,62-22-59,0.004663686212895512,5,False,0,1,0,2528.0
2026-02-23|La Suerte|Quiniela La Suerte 6PM|2026-02-23 18:00,2026-02-23,2026-02-23 18:00,La Suerte,Quiniela La Suerte 6PM,31-36-14,0.0018650786695768406,8,False,1,1,0,2528.0
2026-02-23|La Primera|Quiniela La Primera Noche|2026-02-23 19:00,2026-02-23,2026-02-23 19:00,La Primera,Quiniela La Primera Noche,49-07-69,0.0013765849331014352,7,False,0,0,0,4022.0
2026-02-23|Anguilla|Anguila 9PM|2026-02-23 21:00,2026-02-23,2026-02-23 21:00,Anguilla,Anguila 9PM,48-50-56,0.0015586100043635607,8,False,0,1,0,5188.0
2026-02-23|La Nacional|Loteria Nacional- Noche|2026-02-23 21:00,2026-02-23,2026-02-23 21:00,La Nacional,Loteria Nacional- Noche,35-68-60,0.0020318190360999132,13,False,0,0,0,5188.0
2026-02-24|Anguilla|Anguila 10AM|2026-02-24 10:00,2026-02-24,2026-02-24 10:00,Anguilla,Anguila 10AM,83-77-48,0.006551043380492844,13,True,0,1,0,0.0
2026-02-24|La Primera|Quiniela La Primera|2026-02-24 12:00,2026-02-24,2026-02-24 12:00,La Primera,Quiniela La Primera,21-01-03,0.023508483624901898,2,False,0,0,0,85.0
2026-02-24|Anguilla|Anguila 1PM|2026-02-24 13:00,2026-02-24,2026-02-24 13:00,Anguilla,Anguila 1PM,59-21-30,0.004973031443776019,6,False,1,1,0,724.0
2026-02-24|La Nacional|Loteria Nacional- Gana Más|2026-02-24 14:30,2026-02-24,2026-02-24 14:30,La Nacional,Loteria Nacional- Gana Más,37-40-31,0.0038375408742226127,7,False,0,1,0,1065.0
2026-02-24|Anguilla|Anguila 6PM|2026-02-24 18:00,2026-02-24,2026-02-24 18:00,Anguilla,Anguila 6PM,77-54-09,0.004656878248749476,5,False,0,0,0,2072.0
2026-02-24|La Suerte|Quiniela La Suerte 6PM|2026-02-24 18:00,2026-02-24,2026-02-24 18:00,La Suerte,Quiniela La Suerte 6PM,92-51-39,0.002014636474437002,8,False,1,1,0,2072.0
2026-02-24|La Primera|Quiniela La Primera Noche|2026-02-24 19:00,2026-02-24,2026-02-24 19:00,La Primera,Quiniela La Primera Noche,03-57-91,0.0004997707019840608,9,False,0,0,0,3967.0
2026-02-24|Anguilla|Anguila 9PM|2026-02-24 21:00,2026-02-24,2026-02-24 21:00,Anguilla,Anguila 9PM,45-23-04,0.006886441892703934,11,False,0,0,0,5053.0
2026-02-24|La Nacional|Loteria Nacional- Noche|2026-02-24 21:00,2026-02-24,2026-02-24 21:00,La Nacional,Loteria Nacional- Noche,39-56-66,0.0016579229156393988,13,False,0,0,0,5053.0
2026-02-25|Anguilla|Anguila 10AM|2026-02-25 10:00,2026-02-25,2026-02-25 10:00,Anguilla,Anguila 10AM,79-28-36,0.00653232457045565,13,True,0,1,0,0.0
2026-02-25|La Primera|Quiniela La Primera|2026-02-25 12:00,2026-02-25,2026-02-25 12:00,La Primera,Quiniela La Primera,62-53-09,0.015364815115675775,0,False,0,0,0,74.0
2026-02-25|La Suerte|Quiniela La Suerte|2026-02-25 12:30,2026-02-25,2026-02-25 12:30,La Suerte,Quiniela La Suerte,75-46-12,0.005170399118497762,0,False,0,0,0,344.0
2026-02-25|Anguilla|Anguila 1PM|2026-02-25 13:00,2026-02-25,2026-02-25 13:00,Anguilla,Anguila 1PM,84-14-68,0.00526777907166626,0,False,0,0,0,800.0
2026-02-25|La Nacional|Loteria Nacional- Gana Más|2026-02-25 14:30,2026-02-25,2026-02-25 14:30,La Nacional,Loteria Nacional- Gana Más,15-80-67,0.003783888705003102,2,False,0,0,0,1318.0
2026-02-25|Anguilla|Anguila 6PM|2026-02-25 18:00,2026-02-25,2026-02-25 18:00,Anguilla,Anguila 6PM,50-72-88,0.0014818694690509372,5,False,0,1,0,2451.0
2026-02-25|La Suerte|Quiniela La Suerte 6PM|2026-02-25 18:00,2026-02-25,2026-02-25 18:00,La Suerte,Quiniela La Suerte 6PM,61-80-64,0.003153680978823418,9,False,0,0,0,2451.0
2026-02-25|La Primera|Quiniela La Primera Noche|2026-02-25 19:00,2026-02-25,2026-02-25 19:00,La Primera,Quiniela La Primera Noche,87-07-80,0.0035989612100869586,11,False,0,0,0,4478.0
2026-02-25|Anguilla|Anguila 9PM|2026-02-25 21:00,2026-02-25,2026-02-25 21:00,Anguilla,Anguila 9PM,47-96-04,0.0024411406100527367,9,False,0,0,0,5748.0
2026-02-25|La Nacional|Loteria Nacional- Noche|2026-02-25 21:00,2026-02-25,2026-02-25 21:00,La Nacional,Loteria Nacional- Noche,53-15-44,0.004063789627720505,12,False,0,0,0,5748.0
2026-02-26|Anguilla|Anguila 10AM|2026-02-26 10:00,2026-02-26,2026-02-26 10:00,Anguilla,Anguila 10AM,12-05-98,0.00651368311997828,13,True,0,1,0,0.0
2026-02-26|La Primera|Quiniela La Primera|2026-02-26 12:00,2026-02-26,2026-02-26 12:00,La Primera,Quiniela La Primera,49-01-85,0.008308907438740874,0,False,0,0,0,63.0
2026-02-26|Anguilla|Anguila 1PM|2026-02-26 13:00,2026-02-26,2026-02-26 13:00,Anguilla,Anguila 1PM,71-12-90,0.00459032368963861,6,False,0,1,0,824.0
2026-02-26|La Nacional|Loteria Nacional- Gana Más|2026-02-26 14:30,2026-02-26,2026-02-26 14:30,La Nacional,Loteria Nacional- Gana Más,12-94-21,0.0,0,False,0,0,0,1296.0
2026-02-26|Anguilla|Anguila 6PM|2026-02-26 18:00,2026-02-26,2026-02-26 18:00,Anguilla,Anguila 6PM,27-63-92,0.006512073958891983,9,False,0,1,0,2208.0
2026-02-26|La Suerte|Quiniela La Suerte 6PM|2026-02-26 18:00,2026-02-26,2026-02-26 18:00,La Suerte,Quiniela La Suerte 6PM,50-00-66,0.0024481828130902966,8,False,0,1,0,2208.0
2026-02-26|La Primera|Quiniela La Primera Noche|2026-02-26 19:00,2026-02-26,2026-02-26 19:00,La Primera,Quiniela La Primera Noche,29-37-12,0.003394656858145527,10,False,0,0,0,4324.0
2026-02-26|Anguilla|Anguila 9PM|2026-02-26 21:00,2026-02-26,2026-02-26 21:00,Anguilla,Anguila 9PM,83-86-64,0.0036444218137436733,11,False,0,1,0,5474.0
2026-02-26|La Nacional|Loteria Nacional- Noche|2026-02-26 21:00,2026-02-26,2026-02-26 21:00,La Nacional,Loteria Nacional- Noche,00-21-48,0.004191389905528911,12,False,0,0,0,5474.0
2026-02-27|Anguilla|Anguila 10AM|2026-02-27 10:00,2026-02-27,2026-02-27 10:00,Anguilla,Anguila 10AM,62-01-13,0.006542061810933641,13,True,0,0,0,0.0
2026-02-27|Anguilla|Anguila 6PM|2026-02-27 18:00,2026-02-27,2026-02-27 18:00,Anguilla,Anguila 6PM,96-61-66,0.0026068066490087206,6,False,0,1,0,1812.0
2026-02-27|La Suerte|Quiniela La Suerte 6PM|2026-02-27 18:00,2026-02-27,2026-02-27 18:00,La Suerte,Quiniela La Suerte 6PM,75-49-52,0.0007220638458905076,6,False,0,0,0,1812.0
2026-02-27|La Primera|Quiniela La Primera Noche|2026-02-27 19:00,2026-02-27,2026-02-27 19:00,La Primera,Quiniela La Primera Noche,84-53-77,0.0033249999569036175,13,False,0,0,0,4500.0
2026-02-27|Anguilla|Anguila 9PM|2026-02-27 21:00,2026-02-27,2026-02-27 21:00,Anguilla,Anguila 9PM,66-76-53,0.0009448887760548767,9,False,0,1,0,5987.0
2026-02-27|La Nacional|Loteria Nacional- Noche|2026-02-27 21:00,2026-02-27,2026-02-27 21:00,La Nacional,Loteria Nacional- Noche,00-21-48,0.00415250659904333,13,False,0,0,0,5987.0
2026-02-28|Anguilla|Anguila 10AM|2026-02-28 10:00,2026-02-28,2026-02-28 10:00,Anguilla,Anguila 10AM,54-32-00,0.00652344171091045,13,True,0,0,0,0.0
2026-02-28|La Primera|Quiniela La Primera|2026-02-28 12:00,2026-02-28,2026-02-28 12:00,La Primera,Quiniela La Primera,56-33-56,0.015809024828402907,1,False,0,0,0,56.0
2026-02-28|La Suerte|Quiniela La Suerte|2026-02-28 12:30,2026-02-28,2026-02-28 12:30,La Suerte,Quiniela La Suerte,47-46-20,0.005434051088847194,3,False,0,0,0,273.0
2026-02-28|La Nacional|Loteria Nacional- Gana Más|2026-02-28 14:30,2026-02-28,2026-02-28 14:30,La Nacional,Loteria Nacional- Gana Más,81-48-75,0.0011349189132184253,5,False,0,0,0,1219.0
2026-02-28|Anguilla|Anguila 6PM|2026-02-28 18:00,2026-02-28,2026-02-28 18:00,Anguilla,Anguila 6PM,66-47-98,0.007696261188606943,10,False,0,1,0,2321.0
2026-02-28|La Suerte|Quiniela La Suerte 6PM|2026-02-28 18:00,2026-02-28,2026-02-28 18:00,La Suerte,Quiniela La Suerte 6PM,22-56-82,0.0001412248506521848,6,False,0,0,0,2321.0
2026-02-28|La Primera|Quiniela La Primera Noche|2026-02-28 19:00,2026-02-28,2026-02-28 19:00,La Primera,Quiniela La Primera Noche,46-81-29,0.0018822658757567403,11,False,0,0,0,4067.0
2026-02-28|Anguilla|Anguila 9PM|2026-02-28 21:00,2026-02-28,2026-02-28 21:00,Anguilla,Anguila 9PM,20-53-82,0.0026928353066199458,6,False,1,1,0,4934.0
2026-02-28|La Nacional|Loteria Nacional- Noche|2026-02-28 21:00,2026-02-28,2026-02-28 21:00,La Nacional,Loteria Nacional- Noche,80-75-08,0.0014968068888136588,11,False,0,1,0,4934.0
2026-03-01|Anguilla|Anguila 10AM|2026-03-01 10:00,2026-03-01,2026-03-01 10:00,Anguilla,Anguila 10AM,87-86-48,0.0065048982735111715,13,True,0,0,0,0.0
2026-03-01|La Primera|Quiniela La Primera|2026-03-01 12:00,2026-03-01,2026-03-01 12:00,La Primera,Quiniela La Primera,04-94-30,0.007867027604720257,0,False,0,0,0,79.0
2026-03-01|La Suerte|Quiniela La Suerte|2026-03-01 12:30,2026-03-01,2026-03-01 12:30,La Suerte,Quiniela La Suerte,19-14-34,0.0046944772732860985,4,False,0,0,0,330.0
2026-03-01|Anguilla|Anguila 1PM|2026-03-01 13:00,2026-03-01,2026-03-01 13:00,Anguilla,Anguila 1PM,29-39-28,0.005693320608482565,4,False,0,0,0,818.0
2026-03-01|La Nacional|Loteria Nacional- Gana Más|2026-03-01 14:30,2026-03-01,2026-03-01 14:30,La Nacional,Loteria Nacional- Gana Más,57-00-53,0.004450671238914419,5,False,0,0,0,1369.0
2026-03-01|Anguilla|Anguila 6PM|2026-03-01 18:00,2026-03-01,2026-03-01 18:00,Anguilla,Anguila 6PM,24-11-27,0.006421665247749812,9,False,0,0,0,2532.0
2026-03-01|La Nacional|Loteria Nacional- Noche|2026-03-01 18:00,2026-03-01,2026-03-01 18:00,La Nacional,Loteria Nacional- Noche,11-13-08,0.0016767895079072544,8,False,1,2,0,2532.0
2026-03-01|La Suerte|Quiniela La Suerte 6PM|2026-03-01 18:00,2026-03-01,2026-03-01 18:00,La Suerte,Quiniela La Suerte 6PM,03-66-39,0.002144481179836001,9,False,0,1,0,2532.0
2026-03-01|La Primera|Quiniela La Primera Noche|2026-03-01 19:00,2026-03-01,2026-03-01 19:00,La Primera,Quiniela La Primera Noche,84-85-65,0.0021390076974699165,10,False,0,0,0,6200.0
2026-03-01|Anguilla|Anguila 9PM|2026-03-01 21:00,2026-03-01,2026-03-01 21:00,Anguilla,Anguila 9PM,50-35-81,0.007688916394608689,9,False,0,0,0,7859.0
2026-03-02|Anguilla|Anguila 10AM|2026-03-02 10:00,2026-03-02,2026-03-02 10:00,Anguilla,Anguila 10AM,91-61-00,0.006533028683521712,13,True,0,1,0,0.0
2026-03-02|La Primera|Quiniela La Primera|2026-03-02 12:00,2026-03-02,2026-03-02 12:00,La Primera,Quiniela La Primera,06-69-18,0.017942685241209327,1,False,0,0,0,68.0
2026-03-02|Anguilla|Anguila 1PM|2026-03-02 13:00,2026-03-02,2026-03-02 13:00,Anguilla,Anguila 1PM,02-64-41,0.007232770555339601,7,False,0,0,0,847.0
2026-03-02|La Nacional|Loteria Nacional- Gana Más|2026-03-02 14:30,2026-03-02,2026-03-02 14:30,La Nacional,Loteria Nacional- Gana Más,55-51-91,0.0010301375856490626,5,False,0,0,0,1412.0
2026-03-02|Anguilla|Anguila 6PM|2026-03-02 18:00,2026-03-02,2026-03-02 18:00,Anguilla,Anguila 6PM,57-33-92,0.005292893684168501,7,False,0,0,0,2422.0
2026-03-02|La Suerte|Quiniela La Suerte 6PM|2026-03-02 18:00,2026-03-02,2026-03-02 18:00,La Suerte,Quiniela La Suerte 6PM,32-22-35,0.002113585900446543,6,False,0,1,0,2422.0
2026-03-02|La Primera|Quiniela La Primera Noche|2026-03-02 19:00,2026-03-02,2026-03-02 19:00,La Primera,Quiniela La Primera Noche,25-77-07,0.0019233301035939533,7,False,0,0,0,4580.0
2026-03-02|Anguilla|Anguila 9PM|2026-03-02 21:00,2026-03-02,2026-03-02 21:00,Anguilla,Anguila 9PM,39-48-12,0.006766764019816374,11,False,0,1,0,6077.0
2026-03-02|La Nacional|Loteria Nacional- Noche|2026-03-02 21:00,2026-03-02,2026-03-02 21:00,La Nacional,Loteria Nacional- Noche,30-68-44,0.0014845418442099732,13,True,0,0,0,6077.0
2026-03-03|Anguilla|Anguila 10AM|2026-03-03 10:00,2026-03-03,2026-03-03 10:00,Anguilla,Anguila 10AM,07-50-56,0.006561022660240849,13,True,0,0,0,0.0
2026-03-03|La Primera|Quiniela La Primera|2026-03-03 12:00,2026-03-03,2026-03-03 12:00,La Primera,Quiniela La Primera,27-28-21,0.012386585611444513,2,False,0,0,0,76.0
2026-03-03|La Suerte|Quiniela La Suerte|2026-03-03 12:30,2026-03-03,2026-03-03 12:30,La Suerte,Quiniela La Suerte,42-46-17,0.0068427052634055805,3,False,0,1,0,361.0
2026-03-03|Anguilla|Anguila 1PM|2026-03-03 13:00,2026-03-03,2026-03-03 13:00,Anguilla,Anguila 1PM,46-46-03,0.00577821504066465,5,False,0,0,0,874.0
2026-03-03|La Nacional|Loteria Nacional- Gana Más|2026-03-03 14:30,2026-03-03,2026-03-03 14:30,La Nacional,Loteria Nacional- Gana Más,64-53-25,0.0,0,False,0,1,0,1189.0
2026-03-03|La Primera|Quiniela La Primera Noche|2026-03-03 19:00,2026-03-03,2026-03-03 19:00,La Primera,Quiniela La Primera Noche,16-03-47,0.0031419273651750682,11,False,0,0,0,3675.0
2026-03-03|Anguilla|Anguila 9PM|2026-03-03 21:00,2026-03-03,2026-03-03 21:00,Anguilla,Anguila 9PM,79-76-51,0.0032249219020129647,9,False,0,1,0,4776.0
2026-03-03|La Nacional|Loteria Nacional- Noche|2026-03-03 21:00,2026-03-03,2026-03-03 21:00,La Nacional,Loteria Nacional- Noche,43-04-19,0.0012348667767298515,13,True,0,0,0,4776.0
2026-03-04|Anguilla|Anguila 10AM|2026-03-04 10:00,2026-03-04,2026-03-04 10:00,Anguilla,Anguila 10AM,43-97-82,0.006542446237933989,13,True,0,0,0,0.0
2026-03-04|La Suerte|Quiniela La Suerte|2026-03-04 12:30,2026-03-04,2026-03-04 12:30,La Suerte,Quiniela La Suerte,36-45-35,0.002342377220552588,3,False,0,0,0,351.0
2026-03-04|Anguilla|Anguila 1PM|2026-03-04 13:00,2026-03-04,2026-03-04 13:00,Anguilla,Anguila 1PM,59-99-41,0.004350584128506501,2,False,0,1,0,856.0
2026-03-04|La Nacional|Loteria Nacional- Gana Más|2026-03-04 14:30,2026-03-04,2026-03-04 14:30,La Nacional,Loteria Nacional- Gana Más,37-32-21,0.003116258552826127,7,False,0,1,0,1417.0
2026-03-04|Anguilla|Anguila 6PM|2026-03-04 18:00,2026-03-04,2026-03-04 18:00,Anguilla,Anguila 6PM,94-90-60,0.0003806622521426954,5,False,0,0,0,2591.0
2026-03-04|La Suerte|Quiniela La Suerte 6PM|2026-03-04 18:00,2026-03-04,2026-03-04 18:00,La Suerte,Quiniela La Suerte 6PM,63-12-92,0.0015251590961418468,9,False,0,1,0,2591.0
2026-03-04|La Primera|Quiniela La Primera Noche|2026-03-04 19:00,2026-03-04,2026-03-04 19:00,La Primera,Quiniela La Primera Noche,75-30-05,6.948531646677821e-05,6,False,0,1,0,4913.0
2026-03-04|Anguilla|Anguila 9PM|2026-03-04 21:00,2026-03-04,2026-03-04 21:00,Anguilla,Anguila 9PM,03-76-23,0.003602292076148737,11,False,0,1,0,6400.0
2026-03-04|La Nacional|Loteria Nacional- Noche|2026-03-04 21:00,2026-03-04,2026-03-04 21:00,La Nacional,Loteria Nacional- Noche,61-22-64,0.0043286399205845275,12,False,0,1,0,6400.0
2026-03-05|Anguilla|Anguila 10AM|2026-03-05 10:00,2026-03-05,2026-03-05 10:00,Anguilla,Anguila 10AM,73-04-08,0.006523945935431065,13,True,1,1,0,0.0
2026-03-05|La Primera|Quiniela La Primera|2026-03-05 12:00,2026-03-05,2026-03-05 12:00,La Primera,Quiniela La Primera,83-68-02,0.014382949258992155,1,False,0,0,0,71.0
2026-03-05|La Nacional|Loteria Nacional- Gana Más|2026-03-05 14:30,2026-03-05,2026-03-05 14:30,La Nacional,Loteria Nacional- Gana Más,44-93-62,0.0,0,False,0,0,0,1257.0
2026-03-05|Anguilla|Anguila 6PM|2026-03-05 18:00,2026-03-05,2026-03-05 18:00,Anguilla,Anguila 6PM,18-53-82,0.004481927667809954,7,False,0,0,0,2315.0
2026-03-05|La Suerte|Quiniela La Suerte 6PM|2026-03-05 18:00,2026-03-05,2026-03-05 18:00,La Suerte,Quiniela La Suerte 6PM,11-13-07,0.0012732877079856904,6,False,0,1,0,2315.0
2026-03-05|La Primera|Quiniela La Primera Noche|2026-03-05 19:00,2026-03-05,2026-03-05 19:00,La Primera,Quiniela La Primera Noche,81-95-91,0.0020402360472050987,11,False,1,1,0,4569.0
2026-03-05|Anguilla|Anguila 9PM|2026-03-05 21:00,2026-03-05,2026-03-05 21:00,Anguilla,Anguila 9PM,29-98-06,0.0026186168583459497,8,False,0,0,0,5778.0
2026-03-05|La Nacional|Loteria Nacional- Noche|2026-03-05 21:00,2026-03-05,2026-03-05 21:00,La Nacional,Loteria Nacional- Noche,84-61-55,0.0016151852848427766,13,False,0,1,0,5778.0
2026-03-06|Anguilla|Anguila 10AM|2026-03-06 10:00,2026-03-06,2026-03-06 10:00,Anguilla,Anguila 10AM,58-45-38,0.006505521337597889,14,True,0,1,0,0.0
2026-03-06|La Primera|Quiniela La Primera|2026-03-06 12:00,2026-03-06,2026-03-06 12:00,La Primera,Quiniela La Primera,77-53-10,0.004103063435969387,0,False,0,1,0,78.0
2026-03-06|Anguilla|Anguila 1PM|2026-03-06 13:00,2026-03-06,2026-03-06 13:00,Anguilla,Anguila 1PM,18-81-09,0.004235107337878197,6,False,0,0,0,860.0
2026-03-06|La Nacional|Loteria Nacional- Gana Más|2026-03-06 14:30,2026-03-06,2026-03-06 14:30,La Nacional,Loteria Nacional- Gana Más,55-69-79,0.0011526411719354852,1,False,0,0,0,1448.0
2026-03-06|Anguilla|Anguila 6PM|2026-03-06 18:00,2026-03-06,2026-03-06 18:00,Anguilla,Anguila 6PM,62-51-79,0.0015386359131878055,6,False,0,0,0,2552.0
2026-03-06|La Suerte|Quiniela La Suerte 6PM|2026-03-06 18:00,2026-03-06,2026-03-06 18:00,La Suerte,Quiniela La Suerte 6PM,84-98-99,0.002815549893566594,9,False,0,0,0,2552.0
2026-03-06|La Primera|Quiniela La Primera Noche|2026-03-06 19:00,2026-03-06,2026-03-06 19:00,La Primera,Quiniela La Primera Noche,56-15-18,0.0018625181590458918,10,False,0,2,0,4499.0
2026-03-06|Anguilla|Anguila 9PM|2026-03-06 21:00,2026-03-06,2026-03-06 21:00,Anguilla,Anguila 9PM,36-87-74,0.0028420095405623097,9,False,0,0,0,5718.0
2026-03-06|La Nacional|Loteria Nacional- Noche|2026-03-06 21:00,2026-03-06,2026-03-06 21:00,La Nacional,Loteria Nacional- Noche,41-93-30,0.0024284708357169144,11,False,0,0,0,5718.0
2026-03-07|Anguilla|Anguila 10AM|2026-03-07 10:00,2026-03-07,2026-03-07 10:00,Anguilla,Anguila 10AM,49-20-15,0.006487172032157304,14,True,0,0,0,0.0
2026-03-07|La Nacional|Loteria Nacional- Gana Más|2026-03-07 14:30,2026-03-07,2026-03-07 14:30,La Nacional,Loteria Nacional- Gana Más,41-15-10,0.004372860304798249,7,False,0,1,0,1268.0
2026-03-07|Anguilla|Anguila 6PM|2026-03-07 18:00,2026-03-07,2026-03-07 18:00,Anguilla,Anguila 6PM,42-54-88,0.000673504912520402,5,False,1,1,0,2256.0
2026-03-07|La Suerte|Quiniela La Suerte 6PM|2026-03-07 18:00,2026-03-07,2026-03-07 18:00,La Suerte,Quiniela La Suerte 6PM,10-73-32,0.0021829073360458058,9,False,0,0,0,2256.0
2026-03-07|La Primera|Quiniela La Primera Noche|2026-03-07 19:00,2026-03-07,2026-03-07 19:00,La Primera,Quiniela La Primera Noche,79-35-80,0.002477779933012302,8,False,0,1,0,3923.0
2026-03-07|Anguilla|Anguila 9PM|2026-03-07 21:00,2026-03-07,2026-03-07 21:00,Anguilla,Anguila 9PM,56-90-22,0.0008522881930937777,9,False,0,0,0,5299.0
2026-03-07|La Nacional|Loteria Nacional- Noche|2026-03-07 21:00,2026-03-07,2026-03-07 21:00,La Nacional,Loteria Nacional- Noche,84-61-19,0.001421923276300183,10,False,0,2,0,5299.0
2026-03-08|Anguilla|Anguila 10AM|2026-03-08 10:00,2026-03-08,2026-03-08 10:00,Anguilla,Anguila 10AM,24-41-73,0.006468897609664912,14,True,0,0,0,0.0
2026-03-08|La Primera|Quiniela La Primera|2026-03-08 12:00,2026-03-08,2026-03-08 12:00,La Primera,Quiniela La Primera,15-43-15,0.01319676872373569,3,False,0,0,0,81.0
2026-03-08|Anguilla|Anguila 1PM|2026-03-08 13:00,2026-03-08,2026-03-08 13:00,Anguilla,Anguila 1PM,44-74-71,0.006287772527509634,1,False,1,1,0,764.0
2026-03-08|La Nacional|Loteria Nacional- Gana Más|2026-03-08 14:30,2026-03-08,2026-03-08 14:30,La Nacional,Loteria Nacional- Gana Más,59-36-79,0.0027502842864791485,5,False,0,0,0,1180.0
2026-03-08|Anguilla|Anguila 6PM|2026-03-08 18:00,2026-03-08,2026-03-08 18:00,Anguilla,Anguila 6PM,06-20-96,0.00011623330612192773,3,False,0,0,0,2044.0
2026-03-08|La Nacional|Loteria Nacional- Noche|2026-03-08 18:00,2026-03-08,2026-03-08 18:00,La Nacional,Loteria Nacional- Noche,55-14-90,0.002044352835254924,2,False,0,1,0,2044.0
2026-03-08|La Suerte|Quiniela La Suerte 6PM|2026-03-08 18:00,2026-03-08,2026-03-08 18:00,La Suerte,Quiniela La Suerte 6PM,53-60-96,0.00038168206483188123,7,False,0,1,0,2044.0
2026-03-08|La Primera|Quiniela La Primera Noche|2026-03-08 19:00,2026-03-08,2026-03-08 19:00,La Primera,Quiniela La Primera Noche,60-92-88,0.0035884824419150437,15,False,0,0,0,5634.0
2026-03-08|Anguilla|Anguila 9PM|2026-03-08 21:00,2026-03-08,2026-03-08 21:00,Anguilla,Anguila 9PM,65-35-95,0.002100237202316539,10,False,0,0,0,7005.0
2026-03-09|Anguilla|Anguila 10AM|2026-03-09 10:00,2026-03-09,2026-03-09 10:00,Anguilla,Anguila 10AM,02-79-76,0.0064506976634822535,14,True,0,1,0,0.0
2026-03-09|La Primera|Quiniela La Primera|2026-03-09 12:00,2026-03-09,2026-03-09 12:00,La Primera,Quiniela La Primera,43-83-70,0.005986471240103827,2,False,0,0,0,83.0
2026-03-09|Anguilla|Anguila 1PM|2026-03-09 13:00,2026-03-09,2026-03-09 13:00,Anguilla,Anguila 1PM,67-24-60,0.0037263554109833417,1,False,0,0,0,827.0
2026-03-09|La Nacional|Loteria Nacional- Gana Más|2026-03-09 14:30,2026-03-09,2026-03-09 14:30,La Nacional,Loteria Nacional- Gana Más,09-66-50,0.002644204914913385,2,False,0,0,0,1401.0
2026-03-09|Anguilla|Anguila 6PM|2026-03-09 18:00,2026-03-09,2026-03-09 18:00,Anguilla,Anguila 6PM,77-42-54,0.0026681359786112184,7,False,0,1,0,2371.0
2026-03-09|La Suerte|Quiniela La Suerte 6PM|2026-03-09 18:00,2026-03-09,2026-03-09 18:00,La Suerte,Quiniela La Suerte 6PM,57-67-92,0.00257496666248232,10,False,0,1,0,2371.0
2026-03-09|Anguilla|Anguila 9PM|2026-03-09 21:00,2026-03-09,2026-03-09 21:00,Anguilla,Anguila 9PM,56-22-62,0.006698974811155134,8,False,0,0,0,5589.0
2026-03-09|La Nacional|Loteria Nacional- Noche|2026-03-09 21:00,2026-03-09,2026-03-09 21:00,La Nacional,Loteria Nacional- Noche,50-83-92,0.00010695947174689867,10,False,0,0,0,5589.0
2026-03-10|Anguilla|Anguila 10AM|2026-03-10 10:00,2026-03-10,2026-03-10 10:00,Anguilla,Anguila 10AM,67-17-98,0.006432571789758268,14,True,0,0,0,0.0
2026-03-10|La Primera|Quiniela La Primera|2026-03-10 12:00,2026-03-10,2026-03-10 12:00,La Primera,Quiniela La Primera,55-24-99,0.00023475682922676088,1,False,0,1,0,72.0
2026-03-10|La Suerte|Quiniela La Suerte|2026-03-10 12:30,2026-03-10,2026-03-10 12:30,La Suerte,Quiniela La Suerte,20-33-23,0.00610500590885091,4,False,0,0,0,369.0
2026-03-10|Anguilla|Anguila 1PM|2026-03-10 13:00,2026-03-10,2026-03-10 13:00,Anguilla,Anguila 1PM,79-75-86,0.003973584988463841,4,False,0,0,0,870.0
2026-03-10|La Nacional|Loteria Nacional- Gana Más|2026-03-10 14:30,2026-03-10,2026-03-10 14:30,La Nacional,Loteria Nacional- Gana Más,53-80-98,0.0006174786517343468,5,False,0,0,0,1408.0
2026-03-10|Anguilla|Anguila 6PM|2026-03-10 18:00,2026-03-10,2026-03-10 18:00,Anguilla,Anguila 6PM,37-11-06,0.006445466743467091,10,False,0,0,0,2381.0
2026-03-10|La Suerte|Quiniela La Suerte 6PM|2026-03-10 18:00,2026-03-10,2026-03-10 18:00,La Suerte,Quiniela La Suerte 6PM,46-60-92,0.001407531383166474,7,False,0,1,0,2381.0
2026-03-10|La Primera|Quiniela La Primera Noche|2026-03-10 19:00,2026-03-10,2026-03-10 19:00,La Primera,Quiniela La Primera Noche,93-54-17,0.0017055260493672676,11,False,1,1,0,4539.0
2026-03-10|Anguilla|Anguila 9PM|2026-03-10 21:00,2026-03-10,2026-03-10 21:00,Anguilla,Anguila 9PM,46-40-29,0.0036573142613289134,3,False,0,0,0,5784.0
2026-03-10|La Nacional|Loteria Nacional- Noche|2026-03-10 21:00,2026-03-10,2026-03-10 21:00,La Nacional,Loteria Nacional- Noche,79-07-78,0.0002340315529759946,10,False,0,0,0,5784.0
2026-03-11|Anguilla|Anguila 10AM|2026-03-11 10:00,2026-03-11,2026-03-11 10:00,Anguilla,Anguila 10AM,90-34-94,0.006414519587402006,14,True,0,0,0,0.0
2026-03-11|La Primera|Quiniela La Primera|2026-03-11 12:00,2026-03-11,2026-03-11 12:00,La Primera,Quiniela La Primera,50-15-77,0.023685844028096464,1,False,0,0,0,59.0
2026-03-11|La Suerte|Quiniela La Suerte|2026-03-11 12:30,2026-03-11,2026-03-11 12:30,La Suerte,Quiniela La Suerte,04-81-42,0.006973872878780192,3,False,0,1,0,349.0
2026-03-11|La Nacional|Loteria Nacional- Gana Más|2026-03-11 14:30,2026-03-11,2026-03-11 14:30,La Nacional,Loteria Nacional- Gana Más,59-46-94,0.000603301851267011,4,False,1,1,0,1377.0
2026-03-11|Anguilla|Anguila 6PM|2026-03-11 18:00,2026-03-11,2026-03-11 18:00,Anguilla,Anguila 6PM,98-91-26,0.005282813245671595,9,False,0,0,0,2397.0
2026-03-11|La Suerte|Quiniela La Suerte 6PM|2026-03-11 18:00,2026-03-11,2026-03-11 18:00,La Suerte,Quiniela La Suerte 6PM,51-74-95,0.0020190555402455988,9,False,0,0,0,2397.0
2026-03-11|La Primera|Quiniela La Primera Noche|2026-03-11 19:00,2026-03-11,2026-03-11 19:00,La Primera,Quiniela La Primera Noche,83-73-02,0.0034862194614711617,10,False,0,0,0,4544.0
2026-03-11|Anguilla|Anguila 9PM|2026-03-11 21:00,2026-03-11,2026-03-11 21:00,Anguilla,Anguila 9PM,59-34-01,0.0028227093966092034,9,False,0,1,0,6043.0
2026-03-11|La Nacional|Loteria Nacional- Noche|2026-03-11 21:00,2026-03-11,2026-03-11 21:00,La Nacional,Loteria Nacional- Noche,35-96-38,0.0011571139386350128,13,False,0,1,0,6043.0
2026-03-12|Anguilla|Anguila 10AM|2026-03-12 10:00,2026-03-12,2026-03-12 10:00,Anguilla,Anguila 10AM,98-95-22,0.006396540658065131,14,True,0,0,0,0.0
2026-03-12|La Primera|Quiniela La Primera|2026-03-12 12:00,2026-03-12,2026-03-12 12:00,La Primera,Quiniela La Primera,50-87-71,0.008701048499471955,1,False,0,0,0,70.0
2026-03-12|La Suerte|Quiniela La Suerte|2026-03-12 12:30,2026-03-12,2026-03-12 12:30,La Suerte,Quiniela La Suerte,13-92-58,0.0070861841991325565,4,False,0,0,0,357.0
2026-03-12|Anguilla|Anguila 1PM|2026-03-12 13:00,2026-03-12,2026-03-12 13:00,Anguilla,Anguila 1PM,07-30-54,0.0042745109815843585,4,False,0,0,0,841.0
2026-03-12|La Nacional|Loteria Nacional- Gana Más|2026-03-12 14:30,2026-03-12,2026-03-12 14:30,La Nacional,Loteria Nacional- Gana Más,86-84-15,0.003761952810308171,6,False,0,0,0,1401.0
2026-03-12|Anguilla|Anguila 6PM|2026-03-12 18:00,2026-03-12,2026-03-12 18:00,Anguilla,Anguila 6PM,43-56-97,0.0046460846049833976,7,False,0,0,0,2532.0
2026-03-12|La Suerte|Quiniela La Suerte 6PM|2026-03-12 18:00,2026-03-12,2026-03-12 18:00,La Suerte,Quiniela La Suerte 6PM,56-09-95,0.0019159843381172223,9,False,1,1,0,2532.0
2026-03-12|La Primera|Quiniela La Primera Noche|2026-03-12 19:00,2026-03-12,2026-03-12 19:00,La Primera,Quiniela La Primera Noche,58-11-20,0.003446293633782201,10,False,0,0,0,4351.0
2026-03-12|Anguilla|Anguila 9PM|2026-03-12 21:00,2026-03-12,2026-03-12 21:00,Anguilla,Anguila 9PM,25-15-75,0.00372708987919133,9,False,1,1,0,5545.0
2026-03-12|La Nacional|Loteria Nacional- Noche|2026-03-12 21:00,2026-03-12,2026-03-12 21:00,La Nacional,Loteria Nacional- Noche,30-31-27,0.0007753500361395183,13,False,0,0,0,5545.0
2026-03-13|Anguilla|Anguila 10AM|2026-03-13 10:00,2026-03-13,2026-03-13 10:00,Anguilla,Anguila 10AM,74-30-23,0.0063786346061097945,14,True,0,1,0,0.0
2026-03-13|La Primera|Quiniela La Primera|2026-03-13 12:00,2026-03-13,2026-03-13 12:00,La Primera,Quiniela La Primera,26-71-78,0.021186700434833214,4,False,0,1,0,81.0
2026-03-13|La Suerte|Quiniela La Suerte|2026-03-13 12:30,2026-03-13,2026-03-13 12:30,La Suerte,Quiniela La Suerte,56-33-64,0.003915569749727414,4,False,0,0,0,364.0
2026-03-13|Anguilla|Anguila 1PM|2026-03-13 13:00,2026-03-13,2026-03-13 13:00,Anguilla,Anguila 1PM,64-09-92,0.002480634898524937,1,False,0,0,0,884.0
2026-03-13|La Nacional|Loteria Nacional- Gana Más|2026-03-13 14:30,2026-03-13,2026-03-13 14:30,La Nacional,Loteria Nacional- Gana Más,98-27-55,0.003213501572561087,7,False,0,0,0,1339.0
2026-03-13|Anguilla|Anguila 6PM|2026-03-13 18:00,2026-03-13,2026-03-13 18:00,Anguilla,Anguila 6PM,17-52-87,0.005904606214575943,10,False,0,0,0,2409.0
2026-03-13|La Suerte|Quiniela La Suerte 6PM|2026-03-13 18:00,2026-03-13,2026-03-13 18:00,La Suerte,Quiniela La Suerte 6PM,21-78-06,0.0019798634686925345,9,False,0,1,0,2409.0
2026-03-13|La Primera|Quiniela La Primera Noche|2026-03-13 19:00,2026-03-13,2026-03-13 19:00,La Primera,Quiniela La Primera Noche,01-07-92,0.0020087435829521183,12,False,0,0,0,4406.0
2026-03-13|Anguilla|Anguila 9PM|2026-03-13 21:00,2026-03-13,2026-03-13 21:00,Anguilla,Anguila 9PM,78-48-53,0.0037689042825087946,9,False,0,1,0,5571.0
2026-03-13|La Nacional|Loteria Nacional- Noche|2026-03-13 21:00,2026-03-13,2026-03-13 21:00,La Nacional,Loteria Nacional- Noche,94-24-04,0.002197210341088912,12,True,0,0,0,5571.0
2026-03-14|Anguilla|Anguila 10AM|2026-03-14 10:00,2026-03-14,2026-03-14 10:00,Anguilla,Anguila 10AM,56-73-58,0.0063608010385972176,14,True,0,1,0,0.0
2026-03-14|La Nacional|Loteria Nacional- Gana Más|2026-03-14 14:30,2026-03-14,2026-03-14 14:30,La Nacional,Loteria Nacional- Gana Más,64-01-18,2.2308871128948965e-05,4,False,0,1,0,1207.0
2026-03-14|Anguilla|Anguila 6PM|2026-03-14 18:00,2026-03-14,2026-03-14 18:00,Anguilla,Anguila 6PM,51-27-62,0.004299802826359667,7,False,0,0,0,2270.0
2026-03-14|La Suerte|Quiniela La Suerte 6PM|2026-03-14 18:00,2026-03-14,2026-03-14 18:00,La Suerte,Quiniela La Suerte 6PM,73-80-44,0.0019188786147260667,8,False,0,0,0,2270.0
2026-03-14|La Primera|Quiniela La Primera Noche|2026-03-14 19:00,2026-03-14,2026-03-14 19:00,La Primera,Quiniela La Primera Noche,90-63-89,0.0026136114840734875,13,False,0,0,0,4179.0
2026-03-14|Anguilla|Anguila 9PM|2026-03-14 21:00,2026-03-14,2026-03-14 21:00,Anguilla,Anguila 9PM,71-51-27,0.003158982813105589,11,False,1,1,0,5341.0
2026-03-14|La Nacional|Loteria Nacional- Noche|2026-03-14 21:00,2026-03-14,2026-03-14 21:00,La Nacional,Loteria Nacional- Noche,76-79-95,0.0021759825896175374,11,False,0,0,0,5341.0
2026-03-15|Anguilla|Anguila 10AM|2026-03-15 10:00,2026-03-15,2026-03-15 10:00,Anguilla,Anguila 10AM,63-52-10,0.006343039565259468,14,True,0,0,0,0.0
2026-03-15|La Primera|Quiniela La Primera|2026-03-15 12:00,2026-03-15,2026-03-15 12:00,La Primera,Quiniela La Primera,23-03-64,0.03451897326902397,4,False,0,1,0,79.0
2026-03-15|La Suerte|Quiniela La Suerte|2026-03-15 12:30,2026-03-15,2026-03-15 12:30,La Suerte,Quiniela La Suerte,13-45-62,0.004458440201477057,4,False,0,0,0,385.0
2026-03-15|Anguilla|Anguila 1PM|2026-03-15 13:00,2026-03-15,2026-03-15 13:00,Anguilla,Anguila 1PM,22-65-99,0.006136123999759985,1,False,0,1,0,878.0
2026-03-15|La Nacional|Loteria Nacional- Gana Más|2026-03-15 14:30,2026-03-15,2026-03-15 14:30,La Nacional,Loteria Nacional- Gana Más,68-35-40,0.0024678796932386103,6,False,0,1,0,1511.0
2026-03-15|Anguilla|Anguila 6PM|2026-03-15 18:00,2026-03-15,2026-03-15 18:00,Anguilla,Anguila 6PM,64-11-04,0.0036068564098103916,6,False,0,0,0,2699.0
2026-03-15|La Nacional|Loteria Nacional- Noche|2026-03-15 18:00,2026-03-15,2026-03-15 18:00,La Nacional,Loteria Nacional- Noche,15-89-56,0.0029390945799909326,9,False,0,0,0,2699.0
2026-03-15|La Suerte|Quiniela La Suerte 6PM|2026-03-15 18:00,2026-03-15,2026-03-15 18:00,La Suerte,Quiniela La Suerte 6PM,17-83-24,0.001937538372939335,6,False,0,0,0,2699.0
2026-03-15|Anguilla|Anguila 9PM|2026-03-15 21:00,2026-03-15,2026-03-15 21:00,Anguilla,Anguila 9PM,66-32-14,0.0009689587398141658,11,False,0,0,0,8103.0
2026-03-16|La Primera|Quiniela La Primera|2026-03-16 12:00,2026-03-16,2026-03-16 12:00,La Primera,Quiniela La Primera,59-52-05,0.02620247583302528,2,False,0,0,0,79.0
2026-03-16|La Suerte|Quiniela La Suerte|2026-03-16 12:30,2026-03-16,2026-03-16 12:30,La Suerte,Quiniela La Suerte,48-71-44,0.0053707518311297735,4,False,0,0,0,339.0
2026-03-16|Anguilla|Anguila 1PM|2026-03-16 13:00,2026-03-16,2026-03-16 13:00,Anguilla,Anguila 1PM,45-20-10,0.003543080689792501,6,False,0,0,0,862.0
2026-03-16|La Nacional|Loteria Nacional- Gana Más|2026-03-16 14:30,2026-03-16,2026-03-16 14:30,La Nacional,Loteria Nacional- Gana Más,29-11-42,0.0009867375670982242,7,False,0,0,0,1443.0
2026-03-16|Anguilla|Anguila 6PM|2026-03-16 18:00,2026-03-16,2026-03-16 18:00,Anguilla,Anguila 6PM,85-03-62,0.0047387231268053815,5,False,0,1,0,2623.0
2026-03-16|La Suerte|Quiniela La Suerte 6PM|2026-03-16 18:00,2026-03-16,2026-03-16 18:00,La Suerte,Quiniela La Suerte 6PM,59-51-82,0.0019114817480484754,9,False,0,0,0,2623.0
2026-03-16|La Primera|Quiniela La Primera Noche|2026-03-16 19:00,2026-03-16,2026-03-16 19:00,La Primera,Quiniela La Primera Noche,96-49-00,0.002216565519792653,10,False,0,0,0,4675.0
2026-03-16|Anguilla|Anguila 9PM|2026-03-16 21:00,2026-03-16,2026-03-16 21:00,Anguilla,Anguila 9PM,06-98-98,0.0028375170404545944,6,False,0,0,0,6140.0
2026-03-16|La Nacional|Loteria Nacional- Noche|2026-03-16 21:00,2026-03-16,2026-03-16 21:00,La Nacional,Loteria Nacional- Noche,43-75-19,0.00196183177511296,13,False,0,0,0,6140.0
2026-03-17|La Primera|Quiniela La Primera|2026-03-17 12:00,2026-03-17,2026-03-17 12:00,La Primera,Quiniela La Primera,72-64-12,0.008098944169219179,2,False,0,1,0,75.0
2026-03-17|La Suerte|Quiniela La Suerte|2026-03-17 12:30,2026-03-17,2026-03-17 12:30,La Suerte,Quiniela La Suerte,65-92-37,0.0011905101154806737,2,False,0,1,0,358.0
2026-03-17|Anguilla|Anguila 1PM|2026-03-17 13:00,2026-03-17,2026-03-17 13:00,Anguilla,Anguila 1PM,01-38-00,0.0010247155525518537,4,False,0,0,0,872.0
2026-03-17|La Nacional|Loteria Nacional- Gana Más|2026-03-17 14:30,2026-03-17,2026-03-17 14:30,La Nacional,Loteria Nacional- Gana Más,92-50-66,0.003019238742074932,7,False,0,0,0,1421.0
2026-03-17|Anguilla|Anguila 6PM|2026-03-17 18:00,2026-03-17,2026-03-17 18:00,Anguilla,Anguila 6PM,17-70-35,0.004363570694818767,4,False,0,0,0,2420.0
2026-03-17|La Suerte|Quiniela La Suerte 6PM|2026-03-17 18:00,2026-03-17,2026-03-17 18:00,La Suerte,Quiniela La Suerte 6PM,67-84-12,0.003012466569095513,7,False,0,0,0,2420.0
2026-03-17|La Primera|Quiniela La Primera Noche|2026-03-17 19:00,2026-03-17,2026-03-17 19:00,La Primera,Quiniela La Primera Noche,45-37-34,0.00374880427572494,12,False,0,0,0,4341.0
2026-03-17|Anguilla|Anguila 9PM|2026-03-17 21:00,2026-03-17,2026-03-17 21:00,Anguilla,Anguila 9PM,02-21-16,0.0038108222080366337,8,False,0,0,0,4988.0
2026-03-17|La Nacional|Loteria Nacional- Noche|2026-03-17 21:00,2026-03-17,2026-03-17 21:00,La Nacional,Loteria Nacional- Noche,54-25-82,0.004262451698132915,12,False,0,0,0,4988.0
2026-03-18|La Primera|Quiniela La Primera|2026-03-18 12:00,2026-03-18,2026-03-18 12:00,La Primera,Quiniela La Primera,50-30-96,0.0031043125371602704,1,False,0,1,0,69.0
2026-03-18|La Suerte|Quiniela La Suerte|2026-03-18 12:30,2026-03-18,2026-03-18 12:30,La Suerte,Quiniela La Suerte,21-64-04,0.005150988042334576,4,False,0,0,0,371.0
2026-03-18|La Nacional|Loteria Nacional- Gana Más|2026-03-18 14:30,2026-03-18,2026-03-18 14:30,La Nacional,Loteria Nacional- Gana Más,66-98-78,0.0044444940708332475,3,False,0,0,0,1178.0
2026-03-18|Anguilla|Anguila 6PM|2026-03-18 18:00,2026-03-18,2026-03-18 18:00,Anguilla,Anguila 6PM,16-88-01,0.0027249348854496225,6,False,0,0,0,2206.0
2026-03-18|La Suerte|Quiniela La Suerte 6PM|2026-03-18 18:00,2026-03-18,2026-03-18 18:00,La Suerte,Quiniela La Suerte 6PM,25-50-45,0.002209737441193899,9,False,0,0,0,2206.0
2026-03-18|La Primera|Quiniela La Primera Noche|2026-03-18 19:00,2026-03-18,2026-03-18 19:00,La Primera,Quiniela La Primera Noche,45-51-59,0.0035557500963411884,13,False,0,0,0,4149.0
2026-03-18|Anguilla|Anguila 9PM|2026-03-18 21:00,2026-03-18,2026-03-18 21:00,Anguilla,Anguila 9PM,81-84-27,0.0015326137354715167,8,False,0,0,0,5304.0
2026-03-18|La Nacional|Loteria Nacional- Noche|2026-03-18 21:00,2026-03-18,2026-03-18 21:00,La Nacional,Loteria Nacional- Noche,86-61-34,0.0007626901654249924,12,False,0,1,0,5304.0
2026-03-19|Anguilla|Anguila 10AM|2026-03-19 10:00,2026-03-19,2026-03-19 10:00,Anguilla,Anguila 10AM,22-19-67,0.006317247875193527,14,True,0,0,0,0.0
2026-03-19|La Primera|Quiniela La Primera|2026-03-19 12:00,2026-03-19,2026-03-19 12:00,La Primera,Quiniela La Primera,18-08-28,0.013320149076745983,1,False,0,0,0,68.0
2026-03-19|La Suerte|Quiniela La Suerte|2026-03-19 12:30,2026-03-19,2026-03-19 12:30,La Suerte,Quiniela La Suerte,34-60-61,0.004980645275422833,5,False,0,1,0,368.0
2026-03-19|La Nacional|Loteria Nacional- Gana Más|2026-03-19 14:30,2026-03-19,2026-03-19 14:30,La Nacional,Loteria Nacional- Gana Más,29-79-45,0.001246670736379795,5,False,0,0,0,1457.0
2026-03-19|Anguilla|Anguila 6PM|2026-03-19 18:00,2026-03-19,2026-03-19 18:00,Anguilla,Anguila 6PM,07-23-89,0.0018443365374974814,1,False,0,0,0,2642.0
2026-03-19|La Suerte|Quiniela La Suerte 6PM|2026-03-19 18:00,2026-03-19,2026-03-19 18:00,La Suerte,Quiniela La Suerte 6PM,48-23-86,0.00197819219847704,10,False,0,0,0,2642.0
2026-03-19|La Primera|Quiniela La Primera Noche|2026-03-19 19:00,2026-03-19,2026-03-19 19:00,La Primera,Quiniela La Primera Noche,77-09-55,0.0015405584674232481,8,False,1,1,0,4708.0
2026-03-19|Anguilla|Anguila 9PM|2026-03-19 21:00,2026-03-19,2026-03-19 21:00,Anguilla,Anguila 9PM,58-08-59,0.0015610719816592938,8,False,0,0,0,5943.0
2026-03-19|La Nacional|Loteria Nacional- Noche|2026-03-19 21:00,2026-03-19,2026-03-19 21:00,La Nacional,Loteria Nacional- Noche,06-19-26,0.0008924320436823727,8,False,0,0,0,5943.0
2026-03-20|Anguilla|Anguila 10AM|2026-03-20 10:00,2026-03-20,2026-03-20 10:00,Anguilla,Anguila 10AM,05-18-54,0.006299719093172514,14,True,0,1,0,0.0
2026-03-20|La Primera|Quiniela La Primera|2026-03-20 12:00,2026-03-20,2026-03-20 12:00,La Primera,Quiniela La Primera,12-79-94,0.019704167381525528,0,False,0,0,0,66.0
2026-03-20|Anguilla|Anguila 1PM|2026-03-20 13:00,2026-03-20,2026-03-20 13:00,Anguilla,Anguila 1PM,63-45-63,0.005552044658270853,6,False,0,0,0,750.0
2026-03-20|La Nacional|Loteria Nacional- Gana Más|2026-03-20 14:30,2026-03-20,2026-03-20 14:30,La Nacional,Loteria Nacional- Gana Más,94-19-94,0.0014285092418772354,7,False,0,1,0,1208.0
2026-03-20|Anguilla|Anguila 6PM|2026-03-20 18:00,2026-03-20,2026-03-20 18:00,Anguilla,Anguila 6PM,88-41-57,0.0064775580352476655,9,False,0,0,0,1943.0
2026-03-20|La Suerte|Quiniela La Suerte 6PM|2026-03-20 18:00,2026-03-20,2026-03-20 18:00,La Suerte,Quiniela La Suerte 6PM,49-73-35,0.0013659852879248525,7,False,0,1,0,1943.0
2026-03-20|La Primera|Quiniela La Primera Noche|2026-03-20 19:00,2026-03-20,2026-03-20 19:00,La Primera,Quiniela La Primera Noche,47-35-32,0.002746165686241453,10,False,0,0,0,4010.0
2026-03-20|Anguilla|Anguila 9PM|2026-03-20 21:00,2026-03-20,2026-03-20 21:00,Anguilla,Anguila 9PM,55-58-02,0.006296179947211178,11,False,0,2,0,5136.0
2026-03-20|La Nacional|Loteria Nacional- Noche|2026-03-20 21:00,2026-03-20,2026-03-20 21:00,La Nacional,Loteria Nacional- Noche,08-82-21,0.004727651782955826,12,False,0,0,0,5136.0
2026-03-21|Anguilla|Anguila 10AM|2026-03-21 10:00,2026-03-21,2026-03-21 10:00,Anguilla,Anguila 10AM,04-16-16,0.006282260630770992,14,True,0,0,0,0.0
2026-03-21|La Primera|Quiniela La Primera|2026-03-21 12:00,2026-03-21,2026-03-21 12:00,La Primera,Quiniela La Primera,01-66-08,0.011863739963970403,1,False,0,0,0,48.0
2026-03-21|La Suerte|Quiniela La Suerte|2026-03-21 12:30,2026-03-21,2026-03-21 12:30,La Suerte,Quiniela La Suerte,70-33-43,0.00782258012158895,5,False,0,0,0,286.0
2026-03-21|La Nacional|Loteria Nacional- Gana Más|2026-03-21 14:30,2026-03-21,2026-03-21 14:30,La Nacional,Loteria Nacional- Gana Más,68-32-43,0.0037952880012360884,1,False,1,1,0,1260.0
2026-03-21|Anguilla|Anguila 6PM|2026-03-21 18:00,2026-03-21,2026-03-21 18:00,Anguilla,Anguila 6PM,70-61-03,0.00616925783413281,10,False,0,2,0,2165.0
2026-03-21|La Suerte|Quiniela La Suerte 6PM|2026-03-21 18:00,2026-03-21,2026-03-21 18:00,La Suerte,Quiniela La Suerte 6PM,64-36-15,0.0008182518048777237,6,False,0,0,0,2165.0
2026-03-21|La Primera|Quiniela La Primera Noche|2026-03-21 19:00,2026-03-21,2026-03-21 19:00,La Primera,Quiniela La Primera Noche,13-28-23,0.0019986487038616643,11,False,0,0,0,4077.0
2026-03-21|Anguilla|Anguila 9PM|2026-03-21 21:00,2026-03-21,2026-03-21 21:00,Anguilla,Anguila 9PM,46-43-83,0.0019908647398640613,10,False,0,1,0,5510.0
2026-03-21|La Nacional|Loteria Nacional- Noche|2026-03-21 21:00,2026-03-21,2026-03-21 21:00,La Nacional,Loteria Nacional- Noche,35-44-63,0.0011176483684519256,13,False,0,0,0,5510.0
2026-03-22|Anguilla|Anguila 10AM|2026-03-22 10:00,2026-03-22,2026-03-22 10:00,Anguilla,Anguila 10AM,70-24-35,0.006264872112839607,14,True,0,1,0,0.0
2026-03-22|La Primera|Quiniela La Primera|2026-03-22 12:00,2026-03-22,2026-03-22 12:00,La Primera,Quiniela La Primera,17-67-43,0.034280466148025095,3,True,0,0,0,83.0
2026-03-22|La Suerte|Quiniela La Suerte|2026-03-22 12:30,2026-03-22,2026-03-22 12:30,La Suerte,Quiniela La Suerte,31-88-78,0.0032304101162409105,3,False,0,1,0,378.0
2026-03-22|La Nacional|Loteria Nacional- Gana Más|2026-03-22 14:30,2026-03-22,2026-03-22 14:30,La Nacional,Loteria Nacional- Gana Más,07-98-36,0.003924979873614473,7,False,0,0,0,1419.0
2026-03-22|Anguilla|Anguila 6PM|2026-03-22 18:00,2026-03-22,2026-03-22 18:00,Anguilla,Anguila 6PM,25-25-83,0.0018395185557187237,6,False,0,0,0,2541.0
2026-03-22|La Nacional|Loteria Nacional- Noche|2026-03-22 18:00,2026-03-22,2026-03-22 18:00,La Nacional,Loteria Nacional- Noche,05-57-33,0.0006362904061820975,8,False,0,0,0,2541.0
2026-03-22|La Suerte|Quiniela La Suerte 6PM|2026-03-22 18:00,2026-03-22,2026-03-22 18:00,La Suerte,Quiniela La Suerte 6PM,20-29-27,0.0012731822790814163,9,False,0,0,0,2541.0
2026-03-22|La Primera|Quiniela La Primera Noche|2026-03-22 19:00,2026-03-22,2026-03-22 19:00,La Primera,Quiniela La Primera Noche,35-64-00,0.002269513851083096,13,False,0,0,0,6546.0
2026-03-22|Anguilla|Anguila 9PM|2026-03-22 21:00,2026-03-22,2026-03-22 21:00,Anguilla,Anguila 9PM,18-81-71,0.00747158060126329,10,False,0,1,0,8009.0
2026-03-23|Anguilla|Anguila 10AM|2026-03-23 10:00,2026-03-23,2026-03-23 10:00,Anguilla,Anguila 10AM,06-89-01,0.0062475531667525,14,True,0,1,0,0.0
2026-03-23|La Primera|Quiniela La Primera|2026-03-23 12:00,2026-03-23,2026-03-23 12:00,La Primera,Quiniela La Primera,23-08-56,0.0,0,False,0,1,0,77.0
2026-03-23|Anguilla|Anguila 1PM|2026-03-23 13:00,2026-03-23,2026-03-23 13:00,Anguilla,Anguila 1PM,46-26-72,0.005154939668808328,6,False,0,0,0,919.0
2026-03-23|La Nacional|Loteria Nacional- Gana Más|2026-03-23 14:30,2026-03-23,2026-03-23 14:30,La Nacional,Loteria Nacional- Gana Más,84-46-81,0.0006699727485063152,4,False,0,0,0,1499.0
2026-03-23|Anguilla|Anguila 6PM|2026-03-23 18:00,2026-03-23,2026-03-23 18:00,Anguilla,Anguila 6PM,80-16-82,0.0010360482834406478,6,False,0,0,0,2452.0
2026-03-23|La Suerte|Quiniela La Suerte 6PM|2026-03-23 18:00,2026-03-23,2026-03-23 18:00,La Suerte,Quiniela La Suerte 6PM,93-83-68,0.002805781438042173,10,False,0,0,0,2452.0
2026-03-23|La Primera|Quiniela La Primera Noche|2026-03-23 19:00,2026-03-23,2026-03-23 19:00,La Primera,Quiniela La Primera Noche,37-18-36,0.001790176810504302,11,False,0,1,0,4705.0
2026-03-23|Anguilla|Anguila 9PM|2026-03-23 21:00,2026-03-23,2026-03-23 21:00,Anguilla,Anguila 9PM,80-56-24,0.0033158443122583247,8,False,0,0,0,5953.0
2026-03-23|La Nacional|Loteria Nacional- Noche|2026-03-23 21:00,2026-03-23,2026-03-23 21:00,La Nacional,Loteria Nacional- Noche,81-45-53,0.001995050362276704,12,False,0,0,0,5953.0
2026-03-24|Anguilla|Anguila 10AM|2026-03-24 10:00,2026-03-24,2026-03-24 10:00,Anguilla,Anguila 10AM,57-78-66,0.006230303422388791,14,True,0,0,0,0.0
2026-03-24|La Primera|Quiniela La Primera|2026-03-24 12:00,2026-03-24,2026-03-24 12:00,La Primera,Quiniela La Primera,07-59-87,0.026336812118687193,2,False,0,0,0,80.0
2026-03-24|La Suerte|Quiniela La Suerte|2026-03-24 12:30,2026-03-24,2026-03-24 12:30,La Suerte,Quiniela La Suerte,47-92-41,0.005457946427941381,3,False,0,0,0,325.0
2026-03-24|Anguilla|Anguila 1PM|2026-03-24 13:00,2026-03-24,2026-03-24 13:00,Anguilla,Anguila 1PM,69-60-70,0.004737302774442865,4,False,0,0,0,814.0
